time_s,"state:p_n","state:p_e","state:p_d","state:u","state:v","state:w","state:q_w","state:q_x","state:q_y","state:q_z","state:p","state:q","state:r","state:omega_0","state:omega_1","state:omega_2","state:omega_3","command:omega_command_0_rad_s","command:omega_command_1_rad_s","command:omega_command_2_rad_s","command:omega_command_3_rad_s","wind:north_m_s","wind:east_m_s","wind:down_m_s"
0,0,0,-100,0,0,0,1,0,0,0,0,0,0,626.31142413339387,626.31142413339387,626.31142413339387,626.31142413339387,632,632,632,632,0,0,0
0.02,0,0,-100.00000592072203,0,0,-0.00084937541611377287,1,0,0,0,0,0,0,628.78755524892279,628.78755524892279,628.78755524892279,628.78755524892279,632,632,632,632,0,0,0
0.040000000000000001,0,0,-100.00004177160915,0,0,-0.0028808767167850186,1,0,0,0,0,0,0,630.18587261193011,630.18587261193011,630.18587261193011,630.18587261193011,632,632,632,632,0,0,0
0.059999999999999998,0,0,-100.00012554568261,0,0,-0.0055780654761766052,1,0,0,0,0,0,0,630.97552847281122,630.97552847281122,630.97552847281122,630.97552847281122,632,632,632,632,0,0,0
0.080000000000000002,0,0,-100.0002673532712,0,0,-0.0086482002143992032,1,0,0,0,0,0,0,631.42146184610715,631.42146184610715,631.42146184610715,631.42146184610715,632,632,632,632,0,0,0
0.10000000000000001,0,0,-100.00047284012005,0,0,-0.011925615572400116,1,0,0,0,0,0,0,631.67328872825965,631.67328872825965,631.67328872825965,631.67328872825965,632,632,632,632,0,0,0
0.12,0,0,-100.00074512660565,0,0,-0.015316647907015913,1,0,0,0,0,0,0,631.81550005930649,631.81550005930649,631.81550005930649,631.81550005930649,632,632,632,632,0,0,0
0.14000000000000001,0,0,-100.00108590570238,0,0,-0.018768370767153229,1,0,0,0,0,0,0,631.89580944687145,631.89580944687145,631.89580944687145,631.89580944687145,632,632,632,632,0,0,0
0.16,0,0,-100.00149606393717,0,0,-0.022250887215951802,1,0,0,0,0,0,0,631.94116165392552,631.94116165392552,631.94116165392552,631.94116165392552,632,632,632,632,0,0,0
0.17999999999999999,0,0,-100.00197603234641,0,0,-0.025747313361819735,1,0,0,0,0,0,0,631.96677289000945,631.96677289000945,631.96677289000945,631.96677289000945,632,632,632,632,0,0,0
0.20000000000000001,0,0,-100.00252598476185,0,0,-0.029248116559965062,1,0,0,0,0,0,0,631.98123603207807,631.98123603207807,631.98123603207807,631.98123603207807,610,660,660,610,0,0,0
0.22,6.2149981687578354e-08,-1.6479361171857344e-22,-100.00314922159588,5.4163246290677885e-06,-1.8157085099253935e-20,-0.033222246750714869,0.99999998896602038,-1.2217132565240204e-19,-0.00014855288355443115,1.1728593597701801e-23,-9.6328660703958427e-18,-0.042624897410247206,-7.1625303241309009e-38,622.41321342446406,644.17728209114659,644.17728209114659,622.41321342446406,610,660,660,610,0,0,0
0.24000000000000002,1.830482586269557e-06,-1.3137542650976456e-21,-100.00385954352288,0.00014189215959105301,-7.9202166311005632e-20,-0.037900829785667806,0.99999945058836803,-1.8624142488490759e-19,-0.0010482475671918662,1.4701029010788134e-22,3.2504275773163969e-18,-0.14460777497114879,-1.0456416548337683e-40,617.00997283757965,651.06461647238325,651.06461647238325,617.00997283757965,610,660,660,610,0,0,0
0.26000000000000001,1.2839753592300396e-05,-3.7500936471972342e-21,-100.00466803167257,0.00074940295473155502,-1.3656234605967902e-19,-0.04300633721963857,0.9999950353751047,-8.3045117895510066e-20,-0.0031510673022294529,5.8672860412122021e-22,9.6685560083595954e-18,-0.28006093267795662,7.6376264432231817e-37,613.95866223380642,654.95402248554706,654.95402248554706,613.95866223380642,610,660,660,610,0,0,0
0.28000000000000003,5.019141962107253e-05,-6.7650480823689539e-21,-100.0055811320297,0.0023045305142110175,-1.5266843063890396e-19,-0.048372092958163006,0.9999774784596438,1.996567400986306e-20,-0.0067113764231079833,1.0835869842141886e-21,-3.4717763470932883e-21,-0.43430722767096053,-1.050939791121739e-36,612.23553030011112,657.15044250784877,657.15044250784877,612.23553030011112,610,660,660,610,0,0,0
0.30000000000000004,0.00014265730296727399,-9.6474479743730487e-21,-100.00660223259138,0.0053604275772562949,-1.4291220178003582e-19,-0.053925518929269084,0.99992953119341932,1.0998880445481943e-19,-0.011871505688359183,1.7309033113939483e-21,1.2853023383701714e-17,-0.5990399068426292,-3.8193717422788749e-36,611.26244560094972,658.39080180642566,658.39080180642566,611.26244560094972,610,660,660,610,0,0,0
0.32000000000000001,0.00033183862881336768,-1.171571073827098e-20,-100.00773253536106,0.010512086983282383,-9.272387782089078e-20,-0.059676599059943339,0.99982494863921345,1.8696501768028564e-19,-0.018710213216161065,1.8518791247838639e-21,6.4035613675751138e-18,-0.76956231668577768,-3.8144375984663708e-36,610.71292654600927,659.09125580609066,659.09125580609066,610.71292654600927,610,660,660,610,0,0,0
0.34000000000000002,0.00067278512772349613,-1.2297093048081056e-20,-100.00897133838403,0.018374991976702289,-1.4672582200410636e-20,-0.06571570035069263,0.99962810497777221,2.3808038963265427e-19,-0.027269978704574961,1.145268378266028e-21,-6.4774791247466092e-18,-0.94322051910134341,-5.1450796836657783e-36,610.40260289997627,659.48681522682455,659.48681522682455,610.40260289997627,610,660,660,610,0,0,0
0.35999999999999999,0.0012342995946691495,-1.1118970690601583e-20,-100.01031587734431,0.029570392512666362,6.8481182423230489e-20,-0.072218467192937535,0.99929391352754615,2.2483720987212324e-19,-0.037572255545829998,-1.1878141691827511e-21,1.6051086774285621e-17,-1.1185154187286099,-6.4743677486381185e-36,610.22735735676645,659.71019499966633,659.71019499966633,610.22735735676645,610,660,660,610,0,0,0
0.38,0.002099048480081126,-7.9925153903205581e-21,-100.01176083974399,0.044713226780631443,1.6373595786083346e-19,-0.079455034546834211,0.99876787741419604,3.7220841912494883e-19,-0.049625870728297689,1.5552912811412204e-21,2.2461508878006917e-17,-1.2946004903883901,-2.6466174816345705e-36,610.12839293427567,659.83634171821063,659.83634171821063,610.12839293427567,610,660,660,610,0,0,0
0.40000000000000002,0.003363538600444662,-1.7353417274288428e-21,-100.01329762610479,0.064400245940966411,3.1342461497087083e-19,-0.087801469831031917,0.99798619370124153,6.5414033801968121e-19,-0.063431515681938999,1.0578650026547092e-20,2.5630449260551554e-17,-1.4709978575874647,-8.7547200804490439e-36,610.07250588151783,659.90757911986532,659.90757911986532,610.07250588151783,610,660,660,610,0,0,0
0.42000000000000004,0.005137985048554534,9.7095360443844512e-21,-100.01491340537881,0.089196781105310388,5.8314301948949988e-19,-0.097751971664429699,0.99687588425280704,8.0711613155930943e-19,-0.078983994550694214,9.0431431686826618e-21,-3.3585232279280918e-18,-1.6474378678420702,-2.0580580557593149e-35,610.040945421836,659.94780820749509,659.94780820749509,610.040945421836,610,660,660,610,0,0,0
0.44,0.00754607479420287,2.749392777414751e-20,-100.01658999516989,0.11962111651258379,9.0251523333533156e-19,-0.10993073563406026,0.99535494982911166,7.2242762602948967e-19,-0.09627317305816048,-1.1985874391567777e-20,-6.5617754719213069e-18,-1.8237684695183243,-2.5907815255951998e-35,610.02312264238753,659.97052632261341,659.97052632261341,610.02312264238753,610,660,660,610,0,0,0
0.46000000000000002,0.010724618026796208,5.113910151439511e-20,-100.0183025883846,0.1561257666143461,1.1848858059910554e-18,-0.12510258147046949,0.99333255355971362,6.8881518991111315e-19,-0.11528416213226704,-2.9002342637762191e-20,-6.5559653294129318e-18,-1.9999040262033752,-2.7399455523728991e-35,610.01305778685401,659.98335566538356,659.98335566538356,610.01305778685401,610,660,660,610,0,0,0
0.48000000000000004,0.014823071526036343,8.0206422739967972e-20,-100.02001834393953,0.19907519113678149,1.4548750073718951e-18,-0.14418148876296313,0.99070924353637424,6.4215013800986894e-19,-0.13599703956919604,-4.8558624655591161e-20,-3.3298918129603513e-18,-2.1757964083440862,-3.6524220824537151e-35,610.00737397545936,659.99060063421359,659.99060063421359,610.00737397545936,610,660,660,610,0,0,0
0.5,0.020002913360322606,1.1446563593942412e-19,-100.0216948583743,0.24871967621370467,1.6748304506170488e-18,-0.16823616169107478,0.98737722546902917,7.9894056463897822e-19,-0.15838628294483714,-4.0351939931856402e-20,1.5950563248724651e-17,-2.3514186672379136,-4.6403286329930411e-35,610.00416422129445,659.99469200306157,659.99469200306157,610.00416422129445,610,660,660,610,0,0,0
0.52000000000000002,0.026436844992969791,1.5482891706022374e-19,-100.02327853655126,0.30516529479063398,1.9603634997275384e-18,-0.19849167282758606,0.98322069674588508,9.1057513592482066e-19,-0.18242001395279131,-4.1399621327947758e-20,1.9148711271841905e-17,-2.5267558151388476,-4.1751169890731644e-35,610.00235161333057,659.99700247525845,659.99700247525845,610.00235161333057,610,660,660,610,0,0,0
0.54000000000000004,0.034307794900836519,2.023073454354688e-19,-100.02470288239307,0.36834005652989321,2.2543074215624869e-18,-0.23632614650390882,0.97811625343987796,1.1098282756273349e-18,-0.20805911361133991,-2.734250150196038e-20,1.5895159775507282e-17,-2.7017996185186641,-4.0163925117545194e-35,610.00132799985056,659.99830724194453,659.99830724194453,610.00132799985056,610,660,660,610,0,0,0
0.56000000000000005,0.043807696824977836,2.5838154546680826e-19,-100.02588673441906,0.43795657957455059,2.626723930580734e-18,-0.28326135210656112,0.97193338198753321,1.2766841726388567e-18,-0.235256245354456,-2.3400003872111503e-20,1.2647269880858006e-17,-2.8765456576954338,-4.7749166381852355e-35,610.00074994625186,659.99904406799556,659.99904406799556,610.00074994625186,610,660,660,610,0,0,0
0.58000000000000007,0.055136015673873696,3.2420660049215831e-19,-100.02673247545582,0.51347187177562859,3.1565008805260102e-18,-0.34094600291358312,0.96453504744330809,1.2111513673486988e-18,-0.26395481100661039,-7.876090413122014e-20,-2.5957599025567426e-17,-3.0509916663421563,-2.8533064108862644e-35,610.00042350861759,659.99946016739125,659.99946016739125,610.00042350861759,610,660,660,610,0,0,0
0.59999999999999998,0.068497994869494802,3.9907180873444811e-19,-100.02712425118632,0.59404510137571642,3.6941525460728896e-18,-0.41113051195670397,0.95577839033804168,1.0567167923519006e-18,-0.29408785857770825,-1.5608265415511292e-19,3.0319423131173105e-18,-3.2251365937740175,-2.3243937499686828e-35,610.00023916320481,659.99969514647057,659.99969514647057,610.00023916320481,660,610,610,660,0,0,0
0.62,0.084101570920524657,4.8167805370724082e-19,-100.0269250310938,0.6787643779901954,4.0949517837798855e-18,-0.49501999529427571,0.94561258530444736,1.0615637591971829e-18,-0.32529500228844488,-1.8752506680105963e-19,-1.8800837669842796e-19,-3.3134473676393328,-1.7867496879987343e-35,631.76420372659902,638.23575917685093,638.23575917685093,631.76420372659902,660,610,610,660,0,0,0
0.64000000000000001,0.10215196501107124,5.7178263679452799e-19,-100.02597637045908,0.76733961413560714,4.4503799985647411e-18,-0.59254987180619523,0.9343459121273231,1.1075853928738249e-18,-0.35636738976926674,-2.0384400002174461e-19,9.4563643258441883e-18,-3.2826144942441928,-2.2472398692967556e-35,644.05471990565422,625.94525914523297,625.94525914523297,644.05471990565422,660,610,610,660,0,0,0
0.65999999999999992,0.12284709939133653,6.6952046448885463e-19,-100.02410863349692,0.85932597926948162,4.7101724722476909e-18,-0.7032792185553608,0.92231996379827264,1.2304048677606344e-18,-0.38642707511140184,-1.890065770504175e-19,2.2304251085008794e-17,-3.184639214272269,-2.3969487066921825e-35,650.99540332331082,619.00458484633498,619.00458484633498,650.99540332331082,660,610,610,660,0,0,0
0.67999999999999994,0.1463697395934736,7.7580831797034336e-19,-100.021144089307,0.95412011601692048,4.7320377106534095e-18,-0.82653419305720432,0.90982034791136157,1.518344142628698e-18,-0.41500233074821286,-1.0384643642510428e-19,2.8684795129190725e-17,-3.0488873545419142,-2.0873871916244795e-35,654.91493653105579,615.08505678812287,615.08505678812287,654.91493653105579,660,610,610,660,0,0,0
0.69999999999999996,0.17288355890688983,8.926134000977578e-19,-100.01690035007439,1.0511338014374452,4.9550401416252082e-18,-0.96150761238462867,0.89708779277971795,1.6996067382523038e-18,-0.44185234190350725,-6.5516030156307074e-20,1.577734421709857e-17,-2.8919421016015612,-2.9244907949862443e-35,657.12836994130657,612.87162628590909,612.87162628590909,657.12836994130657,660,610,610,660,0,0,0
0.71999999999999997,0.20253206498477139,1.0212779846472255e-18,-100.01119409295423,1.1498900832985566,5.3060687188981851e-18,-1.1072858889992676,0.88432727832780289,1.8156877302486113e-18,-0.46686750240870334,-5.5531263616859317e-20,1.2536368525050453e-17,-2.7231680470892465,-3.1588585495590259e-35,658.37833701696081,611.62166085247759,611.62166085247759,658.37833701696081,660,610,610,660,0,0,0
0.73999999999999999,0.23543892956874224,1.16237776585372e-18,-100.00384429807795,1.2500753741644577,5.770198420336673e-18,-1.2628619961096399,0.87171531924549583,1.8788199206489405e-18,-0.49001265513527631,-6.8827382345247129e-20,-3.4861954832892889e-19,-2.5478533079730905,-2.772372899963723e-35,659.0842167073024,610.91578208952967,610.91578208952967,659.0842167073024,660,610,610,660,0,0,0
0.76000000000000001,0.27170901935080688,1.3161036510743944e-18,-99.994674910247426,1.351564903240519,6.3661469788464673e-18,-1.4271480178352138,0.85940547782465082,1.8962318026640939e-18,-0.51129465544339858,-1.0465379794427307e-19,-3.5248326909906703e-19,-2.368983940437245,-2.701541273507543e-35,659.48284011662395,610.51715920392485,610.51715920392485,659.48284011662395,660,610,610,660,0,0,0
0.78000000000000003,0.31142977318495069,1.4821613614043296e-18,-99.983516994613311,1.4544311369951859,7.3956662552006377e-18,-1.5989885708257903,0.84753238131030739,1.7857904341158669e-18,-0.53074368826249818,-2.1293014355656987e-19,-2.28568804764078e-17,-2.188245984472998,-2.2967084813055907e-35,659.70795018089302,610.29204943540833,610.29204943540833,659.70795018089302,660,610,610,660,0,0,0
0.80000000000000004,0.35467273643319303,1.6590952220292586e-18,-99.970210476194424,1.5589408619545648,8.8156786514559818e-18,-1.7771736955958275,0.83621459465425685,1.5765335248703348e-18,-0.5484023629482434,-3.7841917457625306e-19,-2.6032964988999905e-17,-2.0065913371294615,-1.3003529061087419e-35,659.83507402723569,610.16492575608254,610.16492575608254,659.83507402723569,660,610,610,660,0,0,0
0.81999999999999995,0.40149514546783699,1.8445836418779482e-18,-99.954605539572668,1.6655445290716067,1.0594203772822681e-17,-1.960449726886454,0.82555667323528426,1.2980418794085603e-18,-0.56431921753267456,-5.8694643810731879e-19,-4.5284768791620693e-17,-1.8245573116797669,-3.7428123663102888e-35,659.90686323115892,610.09313664647675,610.09313664647675,659.90686323115892,660,610,610,660,0,0,0
0.83999999999999997,0.4519414980825916,2.0356058884724013e-18,-99.93656374864608,1.7748602521072898,1.3252380638311821e-17,-2.1475271328872214,0.81565065210224019,8.5630289566278783e-19,-0.57854473787702043,-9.0544045637596005e-19,-6.4501998448095201e-17,-1.6424470986344293,-4.0433468005723584e-35,659.94740393180803,610.05259599909073,610.05259599909073,659.94740393180803,660,610,610,660,0,0,0
0.85999999999999999,0.50604506894996393,2.2278172114719034e-18,-99.915958933495318,1.887654096427352,1.5684732192775031e-17,-2.3370848121020331,0.8065771564561578,4.7325254420162122e-19,-0.59112882748441475,-1.1788573556394409e-18,-1.6152915244866129e-17,-1.4604316754364528,-4.3440633632494992e-35,659.97029802060263,610.02970194037459,610.02970194037459,659.97029802060263,660,610,610,660,0,0,0
0.88,0.56382934285331798,2.4174657370804531e-18,-99.892677882445511,2.0048177817465276,1.6819466556686011e-17,-2.5277707317840945,0.79840625820787259,3.3185455581151819e-19,-0.60211913011837104,-1.2764651857537752e-18,-3.2538202186696917e-18,-1.2786073567637288,-5.0634158566181747e-35,659.98322673898531,610.01677323897763,610.01677323897763,659.98322673898531,660,610,610,660,0,0,0
0.89999999999999991,0.62530934686694684,2.6031464795389831e-18,-99.866620871231575,2.1273445513251059,1.6626754278153926e-17,-2.7181990778152154,0.79119815902565827,4.0346200301844926e-19,-0.61155986882267643,-1.2144054053774006e-18,2.5689565590705479e-17,-1.0970282942560687,-4.6359384750620572e-35,659.99052782707508,610.00947216048019,610.00947216048019,659.99052782707508,660,610,610,660,0,0,0
0.91999999999999993,0.69049286826446998,2.7854756664324705e-18,-99.837702056791429,2.2563036801820093,1.504046403542246e-17,-2.9069442840842328,0.78500374960802499,6.7033670679721938e-19,-0.61949101131601692,-1.0020382153088702e-18,3.8500296917014947e-17,-0.91572482971570057,-4.705593483105499e-35,659.99465088751424,610.00534910545787,610.00534910545787,659.99465088751424,660,610,610,660,0,0,0
0.93999999999999995,0.75938154886525278,2.966829719918614e-18,-99.805849759898052,2.3928138796680476,1.3218090501807303e-17,-3.0925324433715966,0.77986507478097888,9.5891730926838901e-19,-0.62594765367150196,-7.7317799681557201e-19,3.1998441881111255e-17,-0.73471385950073376,-5.0809394024385128e-35,659.99697925654323,610.00302073948808,610.00302073948808,659.99697925654323,660,610,610,660,0,0,0
0.95999999999999996,0.83197184936490765,3.1500346596733022e-18,-99.771006658133103,2.5380156908627898,1.1456263954157714e-17,-3.2734306912408111,0.7758157213453869,1.2282368023194777e-18,-0.63095956012516141,-5.5899280868083365e-19,4.1591361730377455e-17,-0.55400468749047893,-5.79939275962612e-35,659.99829412990357,610.00170586785532,610.00170586785532,659.99829412990357,660,610,610,660,0,0,0
0.97999999999999998,0.90825587923050655,3.3377308219525667e-18,-99.733129908317395,2.6930428364076091,9.9118309437244166e-18,-3.4480352147171751,0.77288113794241387,1.4632164090059911e-18,-0.63455082271859009,-3.715060013411261e-19,3.1883994475606274e-17,-0.37360233036326884,-6.0202602238733918e-35,659.99903666338184,610.00096333535259,610.00096333535259,659.99903666338184,660,610,610,660,0,0,0
1,0.98822208911521703,3.5321881991688689e-18,-99.692191215267187,2.8589924144832937,8.5089970741424648e-18,-3.6146585798421857,0.77107889179864586,1.6735123565516587e-18,-0.63673961917142563,-2.019729071782316e-19,2.8618380760887681e-17,-0.19350938414768865,-6.3170799885764581e-35,659.99945598586794,610.00054401341743,610.00054401341743,659.99945598586794,660,610,610,660,0,0,0
1.02,1.0718558235273308,3.7354587400843847e-18,-99.648176861522188,3.0368937664441673,7.1943697182808704e-18,-3.7715171044860996,0.77041886485644295,1.8689387637727854e-18,-0.63753805586279322,-4.2092942191941515e-20,1.2484060352609732e-17,-0.013727078298110519,-6.2364762783499274e-35,659.99969278508649,610.00030721451003,610.00030721451003,659.99969278508649,660,610,610,660,0,0,0
1.04,1.1591397317087402,3.9492721831677853e-18,-99.60108771039333,3.2276758290342236,7.8967367825660293e-18,-3.9167190303979278,0.77090339070396707,1.8560154394386446e-18,-0.63695208783795265,-5.134379244315839e-20,-1.96933981550236e-17,0.16574412904993602,-6.2299593057384281e-35,659.99982651001608,610.00017348975621,610.00017348975621,659.99982651001608,660,610,610,660,0,0,0
1.0600000000000001,1.2500540343640911,4.1733967966780277e-18,-99.550939192213605,3.4321327917884519,1.1658849903116962e-17,-4.0482542745593433,0.77252733339519586,1.5457667130164693e-18,-0.63498151087831511,-3.0301283429454793e-19,-5.8239835778825969e-17,0.34490421492868201,-6.1830274208717877e-35,659.9999020269745,610.00009797289692,610.00009797289692,659.9999020269745,660,610,610,660,0,0,0
1.0800000000000001,1.3445766430715052,4.40497603044979e-18,-99.497761280934341,3.6508879193178201,1.6464175655545052e-17,-4.1639865659393163,0.77527810938530572,1.1423954266999888e-18,-0.63162002272564632,-6.2919404923336765e-19,-4.8494590922108374e-17,0.52375340170805551,-6.4796420931002417e-35,659.99994467280771,610.00005532711975,610.00005532711975,659.99994467280771,660,610,610,660,0,0,0
1.1000000000000001,1.442683127963863,4.6401712375245353e-18,-99.44159846506551,3.8843554661431892,2.1276414045887565e-17,-4.2616487997351333,0.7791356542156711,7.4567051536539079e-19,-0.62685535199910225,-9.4855489236870375e-19,-6.1276881973279177e-17,0.70229204989582028,-6.6233745939545429e-35,659.999968755704,610.00003124425496,610.00003124425496,659.999968755704,660,610,610,660,0,0,0
1.1200000000000001,1.5443465277051895,4.8749820870308923e-18,-99.382509713263161,4.1327007081500717,2.805001833125753e-17,-4.3388424659391429,0.78407233615667526,1.7577951246739507e-19,-0.62066945443916743,-1.4068943582538497e-18,-9.6546446505962509e-17,0.88052059760052703,-6.9191861069253614e-35,659.99998235576402,610.00001764421268,610.00001764421268,659.99998235576402,660,610,610,660,0,0,0
1.1400000000000001,1.6495369940701112,5.1039569371728643e-18,-99.320568430457186,4.3957982390747663,3.6330728347610725e-17,-4.3930420303677833,0.79005281969405738,-5.2623387498766082e-19,-0.6130387769900606,-1.9722986175235315e-18,-7.7079409696909848e-17,1.0584395263458248,-6.2987752694000861e-35,659.99999003597134,610.00000996401559,610.00000996401559,659.99999003597134,660,610,610,660,0,0,0
1.1600000000000001,1.7582212618153674,5.3207343126555666e-18,-99.255862395123486,4.6731888319172725,4.2942217822257756e-17,-4.4216051610335203,0.7970338824925185,-1.0764143941946219e-18,-0.60393459096072843,-2.4227632855861165e-18,-8.0171339073651397e-17,1.236049341765874,-5.9842548153634668e-35,659.99999437312738,610.00000562686512,610.00000562686512,659.99999437312738,660,610,610,660,0,0,0
1.1799999999999999,1.8703619333558723,5.5198035685939566e-18,-99.188493662003182,4.9640353425323527,5.0152266665619944e-17,-4.4217896970975188,0.80496419027228394,-1.6823220043764668e-18,-0.59332339611655815,-2.9209524527814361e-18,-8.0032034941170372e-17,1.4133505627043936,-9.6438001487681841e-35,659.99999682240036,610.00000317759554,610.00000317759554,659.99999682240036,660,610,610,660,0,0,0
1.2,1.9859165674752708,5.6953441214554048e-18,-99.118578407179697,5.2670783338973886,5.8405475107255942e-17,-4.3907782471720971,0.81378403488312201,-2.3904670581941311e-18,-0.58116739806130369,-3.500621653269628e-18,-9.9177710641770453e-17,1.5903437150593942,-1.2072864700552409e-34,659.99999820555036,610.00000179444726,610.00000179444726,659.99999820555036,645,645,620,620,0,0,0
1.22,2.1048332736337767,2.9541105946504629e-08,-99.046245429439722,5.5793081267779181,-0.00064307260546685608,-4.3268813037758065,0.82334017629645484,6.1021631700688304e-05,-0.56754819050833571,4.2698911255311887e-05,0.021357925255626992,1.7241458212707961,-3.3533167143887956e-05,653.47077838663608,625.23484908003547,614.35281474669421,642.58874405329493,645,645,620,620,0,0,0
1.24,2.2270439375400577,8.6571979552138197e-07,-98.971631747635584,5.8936149396281197,-0.0044458524552999871,-4.2345148869437912,0.83322756099640605,0.0004321687448880902,-0.55292997406722333,0.00029766453615973526,0.072336922944454513,1.7981674792883624,-8.2044473005068926e-05,649.78360633729608,633.83825111662452,616.81092929922272,632.75628451989439,645,645,620,620,0,0,0
1.26,2.3524779923030072,6.0556780782783331e-06,-98.894882519437758,6.2045163042341711,-0.013041672037591578,-4.1181961709711032,0.84315358942339058,0.0013041908755378954,-0.53767047707981119,0.0008841975914181243,0.13994121915361504,1.8385030499577062,-0.00011879640716724181,647.70139160131021,638.69675249938552,618.19907237351515,627.20371147543995,645,645,620,620,0,0,0
1.28,2.4810626188437035,2.3634373275530627e-05,-98.816147310197067,6.5085269814319187,-0.027000816126473769,-3.9808708109173656,0.85295375778327887,0.0027888488672547433,-0.52197571335877735,0.0018612009495845854,0.21685564767526846,1.8598403491189384,-0.00014246010959474809,646.52552615517993,641.44043872791485,618.98298262404603,624.068070051311,645,645,620,620,0,0,0
1.3,2.6127207581733378,6.7120006792104742e-05,-98.735576964274529,6.8033231311233822,-0.046243040864904522,-3.8245499158773146,0.86253377743615012,0.0049527251259997808,-0.50596478633909014,0.0032539637968351633,0.29895684907280734,1.8704585087063559,-0.00015667659816545758,645.86149303529692,642.98984944689346,619.42567134415538,622.29731493255872,645,645,620,620,0,0,0
1.3199999999999998,2.7473702077013851,0.00015608072137752237,-98.653321650120745,7.0872590008577543,-0.070277690025447578,-3.6506840222554544,0.8718372882727522,0.0078363769949888022,-0.48970668628728892,0.0050690608922526479,0.38391880255334976,1.8750280170234725,-0.00016490248801258754,645.48650116377553,643.864830540257,619.67566591021625,621.29733653373478,645,645,620,620,0,0,0
1.3399999999999999,2.8849231762571872,0.0003164525986808563,-98.569529522540293,7.3590905385138967,-0.098342820959040955,-3.4603903648310008,0.88082794203305259,0.011465218038041873,-0.47324133067839624,0.007302619180701431,0.47042884267945656,1.8761848270426391,-0.00016953641205123092,645.27473626907897,644.35894866166029,619.81684249823627,620.73263010565483,645,645,620,620,0,0,0
1.3599999999999999,3.0252860493941194,0.00058070802581853859,-98.484345710736903,7.6178187869666845,-0.12948625903286301,-3.254593950229987,0.88947948958334322,0.015855703787435588,-0.4565916484843443,0.009944888250226231,0.55774604337262379,1.8754170129879075,-0.00017207535246719461,645.15514868856962,644.63798636859019,619.89656754714031,620.41372986711974,645,645,620,620,0,0,0
1.3799999999999999,3.1683592612853411,0.00098792833069812828,-98.397911475122626,7.8626019791409112,-0.16261375783960538,-3.0341167864776413,0.89777030586573514,0.021018841555390595,-0.43977054730122156,0.012982755169751744,0.6454521840785713,1.8735647581011801,-0.00017341010461567843,645.08761535433814,644.79556415923582,619.9415897672684,620.23364096237071,645,645,620,620,0,0,0
1.3999999999999999,3.314037228627007,0.0015838091294258854,-98.310363447239851,8.0927067957309369,-0.19651881730504422,-2.7997357440677639,0.90568036902262494,0.026962170351185494,-0.42278494987780574,0.016401118675779043,0.73331122887212385,1.8711024766624647,-0.00017405820235685034,645.04947802257675,644.88455127276222,619.96701465358854,620.13194140340295,645,645,620,620,0,0,0
1.4199999999999999,3.4622083275738071,0.0024206124803422772,-98.221832906356966,8.3074818726438284,-0.22990249504824342,-2.5522215045244412,0.91318959539071864,0.033690863263347325,-0.40563815107414042,0.02018363187978842,0.82119000777275997,1.868298060303559,-0.00017431652596164182,645.02794116095981,644.93480395330403,619.98137256047437,620.07450976813016,645,645,620,620,0,0,0
1.4399999999999999,3.6127549063783859,0.0035570719366943607,-98.132445068425511,8.5063439481384684,-0.26138796499537448,-2.2923662032857104,0.92027692397172323,0.04120832442622753,-0.38833121244479951,0.02431309614751203,0.90901343551608038,1.8653027841312169,-0.00017435420221294671,645.01577889404462,644.9631825780458,619.98948073793281,620.04207705393173,645,645,620,620,0,0,0
1.46,3.7655533318715162,0.0050582522617207597,-98.042318375877997,8.6887712241889172,-0.28953253706916909,-2.0210043857527551,0.92691981629221487,0.049516493167033958,-0.37086380585985956,0.02877166266287336,0.99673922643308233,1.8622020710465021,-0.00017426720974330652,645.00891063537517,644.97920851603658,619.99405957677186,620.02376169611057,645,645,620,620,0,0,0
1.48,3.9204740704959682,0.0069953634066309625,-97.951563784345439,8.8543008962447534,-0.31283869930923774,-1.7390300449669462,0.93309398793860254,0.058615976958772173,-0.35323474214349182,0.033540928144954012,1.0843436166445448,1.8590441569970255,-0.00017410989907872462,645.00503200177172,644.98825866172979,619.99664533235273,620.01341867239478,645,645,620,620,0,0,0
1.5,4.0773818057553211,0.0094455274980586919,-97.860284047051437,9.0025291497736593,-0.32976509675892146,-1.4474113642712094,0.93877327096389274,0.068506082866339135,-0.33544232001951041,0.03860197241064682,1.1718133014933831,1.855856278064717,-0.00017391301053317797,645.00284166512995,644.99336944757681,619.9981055566933,620.00757777424644,645,645,620,620,0,0,0
1.52,4.2361355943245336,0.012491497549826185,-97.768573000642235,9.1331126762210015,-0.33873799937456051,-1.1472040806995958,0.94392955203186801,0.079184787499413711,-0.31748457287327658,0.04393536408251035,1.2591408825828481,1.8526538113997342,-0.00017369391875157481,645.0016047412297,644.9962556035415,619.99893017257762,620.00427931026559,645,645,620,620,0,0,0
1.54,4.3965890629930415,0.016221327122434129,-97.676514858222248,9.2457711809484735,-0.33816360815521429,-0.83956394703326098,0.94853275630493905,0.090648668529398624,-0.29935945769900368,0.049521148982637993,1.346322296673059,1.8494454372137541,-0.00017346244015863452,645.00090622726339,644.99788546957438,619.99939584852723,620.00241660621634,645,645,620,620,0,0,0
1.5600000000000001,4.5585906482047216,0.020727991031773692,-97.584183516734399,9.3402905870106618,-0.32644143329496034,-0.52575849758940263,0.95255086091877139,0.10289281114318535,-0.28106501160356667,0.055338829317645388,1.433355363743761,1.8462360538375373,-0.00017322411960200141,645.0005117634156,644.99880588528208,619.99965882441006,620.0013647025437,645,645,620,620,0,0,0
1.5800000000000001,4.7219838792767108,0.026108958340859061,-97.491641886717801,9.4165267638413006,-0.30197891021112855,-0.20717814970721402,0.95594992950348323,0.11591069728442251,-0.26259949035139379,0.061367338255075267,1.5202389670627141,1.8430284239051433,-0.00017298208863508483,645.00028900233326,644.99932566117639,619.9998073317895,620.00077067294626,645,645,620,620,0,0,0
1.6000000000000001,4.8866077065364966,0.0324657208260462,-97.398941254966672,9.4744096799705613,-0.26320738004378996,0.11465208225236534,0.95869416340651559,0.12969408239589769,-0.24396149719650223,0.067585012594571017,1.6069725901567198,1.8398241039850045,-0.00017273811564273931,645.00016320500083,644.99961918830559,619.99989119667271,620.00043521336784,620,620,645,645,0,0,0
1.6200000000000001,5.0522969287867809,0.039903251697579023,-97.306120788540511,9.513948682395478,-0.20871837441545585,0.43798393600090912,0.96076747660416184,0.14409050983025171,-0.22516089540930415,0.07393478244378672,1.6509580701047386,1.8366240118875816,-0.00017249246939191488,634.11805783156262,634.11775061520166,630.88197289007576,630.88228010643672,620,620,645,645,0,0,0
1.6400000000000001,5.2188836806236232,0.048528653151553039,-97.213209026393145,9.5352438002407496,-0.13812047196280919,0.76069332897584752,0.96223405166599152,0.15851194111208064,-0.2062461892665774,0.080262717075523127,1.6356062336948909,1.8334288094805247,-0.00017224611730511455,627.97273022983609,627.97255673903464,637.02728711924533,637.02746061004677,620,620,645,645,0,0,0
1.6600000000000001,5.3861996448783467,0.058447698397348417,-97.120227016146373,9.5384849996739955,-0.052153524413529287,1.0809430074747262,0.96316818246444513,0.17251646772366486,-0.1872652065142987,0.086468856135860889,1.586815340163948,1.8302388973419812,-0.00017199995930035561,624.50234926617429,624.50225129268722,640.49766053117503,640.49775850466222,620,620,645,645,0,0,0
1.6800000000000002,5.5540767354338723,0.069761214477088829,-97.027188841162243,9.5239344224120899,0.047880724710938766,1.3972758743514029,0.96363396582933147,0.18585347492802826,-0.16825633988285066,0.092508755512320281,1.519210497070709,1.8270544966526381,-0.00017175420371055917,622.54256049436628,622.54250516691309,642.45744503837943,642.45750036583263,620,620,645,645,0,0,0
1.7000000000000002,5.7223477306400392,0.082563044250642773,-96.934102291375311,9.4919113340806298,0.16042949739363432,1.7085180306748011,0.96368707667232578,0.19838142106288748,-0.14925107140285127,0.098367411864484014,1.4410506538020931,1.8238757273452839,-0.00017150887240711371,621.43583127059469,621.43580002615136,643.56417185384987,643.56420309829332,620,620,645,645,0,0,0
1.7200000000000002,5.8908468987407385,0.096938901794191124,-96.840969767311023,9.4427801769423141,0.28384028279937357,2.0137222065483202,0.96337631990293238,0.21002105886532937,-0.13027579807518955,0.10404536279547182,1.3569996719674124,1.8207026522140848,-0.00017126394704891604,620.81084066325491,620.81082301893571,644.18916110117721,644.18917874549641,620,620,645,645,0,0,0
1.7400000000000002,6.0594104882783064,0.11296582781935287,-96.747789147307188,9.3769406412792353,0.41644056178915501,2.3121303226895797,0.96274491854650279,0.22072882207422956,-0.11135313595917126,0.10955130319019206,1.2696912003891747,1.817535301811452,-0.00017101940734265276,620.45789682579857,620.45788686172284,644.54210417060915,644.54211413468488,620,620,645,645,0,0,0
1.76,6.2278770883538348,0.13071198525403596,-96.654554564351528,9.2948191958375457,0.55657423719867605,2.6031463105029773,0.96183149947281998,0.23048167305853956,-0.092502837379766514,0.11489817266908819,1.1806123891341043,1.8143736885010076,-0.0001707752385121662,620.2585828666198,620.25857723972069,644.74141769607013,644.74142332296935,620,620,645,645,0,0,0
1.78,6.3960878915677633,0.15023661530330026,-96.561257102600663,9.1968617566630755,0.70261950688433716,2.8863147479539668,0.96067080094904789,0.23926845926403767,-0.073742432623022269,0.12010108340963235,1.0906029392789809,1.8112178143898374,-0.00017053143100820715,620.14602656131694,620.1460233837023,644.85397375644447,644.85397693405923,620,620,645,645,0,0,0
1.8,6.5638868808213378,0.17159007791180514,-96.467885420997575,9.0835273042286264,0.85299825720148914,3.1613027939398628,0.95929415799635764,0.247084964704128,-0.055087682996578916,0.12517621912043581,1.0001369256062067,1.8080676758059055,-0.00017028797890679376,620.08246391916373,620.08246212470544,644.91753626028208,644.91753805474025,620,620,645,645,0,0,0
1.8200000000000001,6.7311209565589625,0.19481393456884538,-96.374426311303239,8.9552823339055454,1.0061814903062383,3.4278839995853261,0.95772982551678509,0.25393105962871687,-0.036552908688091711,0.1301402441132857,0.90948194712825625,1.8049232658253653,-0.00017004487854614669,620.04656891117963,620.04656789781563,644.95343119015672,644.95343220352072,620,620,645,645,0,0,0
1.8400000000000001,6.8976400172642069,0.21994104953113122,-96.280865195892886,8.8125960672081156,1.160692783251615,3.6859232245985134,0.95600319002264278,0.25980904304664781,-0.018151235378576276,0.13500997915690385,0.81878900235266516,1.80178457569911,-0.00016980212761075702,620.02629833156664,620.0262977593012,644.97370172565991,644.97370229792534,620,620,645,645,0,0,0
1.8600000000000001,7.0632970033880618,0.24699569552847492,-96.187186568802375,8.6559363739008006,1.31511062167513,3.9353622718490939,0.95413690826361908,0.26472266528184268,0.00010521110500846406,0.13980221638387291,0.7281432435178028,1.7986515956579896,-0.00016955972456759335,620.01485115768594,620.01485083451701,644.98514887463102,644.98514919779984,620,620,645,645,0,0,0
1.8800000000000001,7.2279479131705058,0.2759936555823187,-96.093374382199812,8.4857663661484146,1.4680699519283442,4.1762060730582284,0.95215099960031746,0.2686765402795685,0.018205143169841183,0.14453360656153016,0.63759263845481018,1.7955243153673044,-0.00016931766833270533,620.00838672537282,620.00838654287338,644.99161329287722,644.99161347537665,620,620,645,645,0,0,0
1.9000000000000001,7.3914517977231391,0.30694231572271624,-95.99941237965875,8.302541630549598,1.6182631009134691,4.4085093762244094,0.95006291004349652,0.27167578342862514,0.036137970929321771,0.149220584086906,0.5471641564745402,1.7924027241833251,-0.00016907595807830067,620.00473614003477,620.0047360369739,644.9952638702714,644.99526397333227,620,620,645,645,0,0,0
1.9200000000000002,7.553670742043658,0.33984074524043911,-95.905284377184358,8.1067080652725636,1.7644401514505588,4.6323639425452523,0.94788755948405889,0.27372578200155123,0.053893675390234562,0.15387931178662753,0.45687290883904241,1.7892868112980684,-0.00016883459312227992,620.00267458649614,620.00267452829576,644.99732541932406,644.99732547752433,620,620,645,645,0,0,0
1.9400000000000002,7.7144698381771049,0.37467976226595512,-95.810974492764032,7.8987002894467073,1.9054088522826511,4.8478862835144172,0.94563737930490377,0.2748320456562785,0.071462690886910388,0.15852563626410932,0.36672731055570656,1.7861765658209923,-0.0001685935728653236,620.00151038881302,620.00151035594615,644.99848961447378,644.99848964734053,620,620,645,645,0,0,0
1.96,7.8737171564244859,0.41144198326197273,-95.716467325182961,7.678940591461842,2.0400341499418335,5.0552059737380022,0.94332234474224042,0.27500010724063267,0.088835794113368671,0.16317504898693799,0.27673199533820264,1.7830719768250878,-0.00016835289675521954,620.00085294469625,620.00085292613574,644.99914705715992,644.99914707572032,620,620,645,645,0,0,0
1.98,8.0312837202638985,0.45010185563577298,-95.621748082898563,7.4478383823939023,2.1672374399029417,5.254454571326912,0.94095000458223244,0.27423545701717916,0.10600399822466074,0.16784265057386955,0.18688946173886298,1.779973033372874,-0.00016811256426672478,620.00048167375758,620.00048166327599,644.99951832729073,644.99951833777209,620,620,645,645,0,0,0
2,8.1870434904539859,0.49062567322229611,-95.526802663858902,7.2057901206253412,2.2859956416072897,5.4457551708273293,0.93852550968707205,0.27254350069460209,0.1229584511598923,0.17254311688419643,0.097201002749942769,1.7768797245310448,-0.00016787257489013147,620.00027201014279,620.0002720042238,644.99972799044917,644.99972799636805,620,620,645,645,0,0,0
